{"seed": 7017, "status": "completed", "duration_s": 1000.0, "p_share": 0.9, "Apre": 0.005, "wall_elapsed": 191.87643241882324, "final_corr_w": [0.008573960921284152, 0.9400204524926503, 0.03428793285662251, 0.9759125702499846, 0.9674155258232647, 1.0, 0.9970735256662596, 0.9609222817511708, 0.003445860905080901, 0.9955342819193971], "final_uncorr_w": [0.019164632820406258, 0.9966394150172149, 0.9485461730743062, 0.9975219182281665, 0.015619756538807057, 0.02032613840846606, 0.014664901076296755, 0.12975011354894125, 0.0015263002665935731, 0.013860942084286537]}