{"seed": 7005, "status": "completed", "duration_s": 1000.0, "p_share": 0.9, "Apre": 0.005, "wall_elapsed": 225.29811263084412, "final_corr_w": [0.9993362419218638, 0.9710464807399495, 0.9876137113924075, 0.0600761157504028, 0.98921582166186, 0.9775681003202266, 0.03283041869250111, 0.10632167201935189, 0.02028548358628792, 0.9952641441314803], "final_uncorr_w": [0.05300246635309382, 0.9661810484773637, 0.04122797221765686, 0.8082395484487083, 0.9715810488162265, 0.03348627534921931, 0.03791800246957243, 0.0481120721089485, 0.040464709282120655, 0.8196441344511873]}