{"seed": 7004, "status": "completed", "duration_s": 1000.0, "p_share": 0.9, "Apre": 0.005, "wall_elapsed": 225.6072714328766, "final_corr_w": [0.9914629967774091, 0.990360346304529, 0.024110306426138678, 0.987601355453368, 0.9857315377117458, 0.9204301868611142, 0.0034931825863146262, 0.03063609002920846, 0.9674812014149813, 0.9455464857323151], "final_uncorr_w": [0.9522972869078145, 0.0225313765698443, 0.001054008134378503, 0.016201531451916048, 0.9149637144430075, 0.028278176833366097, 0.9717286735894736, 0.03554147384875356, 0.06015414006669246, 0.14277383016439602]}