{"seed": 7008, "status": "completed", "duration_s": 1000.0, "p_share": 0.9, "Apre": 0.005, "wall_elapsed": 242.47776746749878, "final_corr_w": [1.0, 0.0, 0.9678630475293858, 0.8631868582906915, 0.9963916444088927, 0.06618750188086345, 0.8948469487573669, 0.940620680996082, 0.9776459557156509, 0.008338984418520802], "final_uncorr_w": [0.9449887762714861, 0.6488083090670601, 0.7284220811559636, 0.0055492165790227066, 0.004144076101832331, 0.07325525677421033, 0.08217229978472204, 0.6415878846697537, 0.093527874374817, 0.06666976576928445]}