{"seed": 7028, "status": "completed", "duration_s": 1000.0, "p_share": 0.9, "Apre": 0.005, "wall_elapsed": 286.46056270599365, "final_corr_w": [0.009787904374943864, 0.7799283343398229, 0.9658128258595368, 0.9747420496152852, 0.06972402131475851, 0.9602483686309888, 0.9945941195550873, 1.0, 0.976302489729033, 0.031072152341331885], "final_uncorr_w": [0.9026867712939303, 0.0015467114045415022, 0.09092863031031156, 0.9731613766923379, 0.02806091768786538, 0.010004221074586012, 0.9637567707703565, 0.03684136807288967, 0.055613173784540025, 0.16953467129185723]}