{"seed": 7019, "status": "completed", "duration_s": 1000.0, "p_share": 0.9, "Apre": 0.005, "wall_elapsed": 190.93587517738342, "final_corr_w": [0.9070609553798621, 0.9836821230280605, 0.9893580562971745, 0.005188958784434952, 0.9963340834509768, 0.8240494943449267, 0.9768118082881159, 0.09903374071078783, 0.8787933112621601, 0.04714798363818026], "final_uncorr_w": [0.1274570078097819, 0.04944791018570945, 0.9693899908827119, 0.26318824714791716, 0.20893248809332282, 0.013222983401968565, 0.030759349954341757, 0.9699112543789193, 0.04936268342403315, 0.6410663475653381]}