{"seed": 7025, "status": "completed", "duration_s": 1000.0, "p_share": 0.9, "Apre": 0.005, "wall_elapsed": 216.5718228816986, "final_corr_w": [0.9875142069016307, 0.7896095338540969, 0.9869538879130797, 0.936079878328328, 0.8795462663418889, 0.9302433845637753, 0.05613438510122256, 0.9115278467350029, 0.023454952061319354, 0.03832840918421254], "final_uncorr_w": [0.14800361793035757, 0.12438157485155339, 0.0964489190860293, 0.04377889808016946, 0.9330351026040963, 0.8996120701340404, 0.015613656001637931, 0.11667646962349677, 0.9569703013163148, 0.15529986052589145]}