{"seed": 7016, "status": "completed", "duration_s": 1000.0, "p_share": 0.9, "Apre": 0.005, "wall_elapsed": 189.87696981430054, "final_corr_w": [0.9946945444119091, 0.9925237674801731, 0.8974134175609341, 0.9312898924577896, 0.0, 0.9901864720962759, 0.004901702517003113, 0.9131814191340414, 0.9980577243388497, 0.02411094714980926], "final_uncorr_w": [0.1817710884639718, 0.9998634920806777, 0.0008330833734877955, 0.05036001802483324, 0.05071346545232312, 0.04278442396711699, 0.07785762397871031, 0.987999909416136, 0.07440892580545301, 0.7772463637266628]}