{"seed": 7002, "status": "completed", "duration_s": 1000.0, "p_share": 0.9, "Apre": 0.005, "wall_elapsed": 219.89783358573914, "final_corr_w": [0.9895984955846416, 0.031234178489832322, 0.9901804821169535, 1.0, 0.06875358486502026, 0.9843552402427092, 0.08728302659071624, 0.04458476413604235, 0.9925362108042068, 0.9772495124500873], "final_uncorr_w": [0.757076025686655, 0.09704963729913871, 0.9676954181326141, 0.020539045883260387, 0.02223791896270549, 0.033177211787084854, 0.9487852444326316, 0.993114124112811, 0.036121845913432295, 0.048091948018699024]}