{"seed": 7012, "status": "completed", "duration_s": 1000.0, "p_share": 0.9, "Apre": 0.005, "wall_elapsed": 193.47477841377258, "final_corr_w": [0.9399680343285722, 0.021517586034844844, 0.020298111800178008, 0.9697965858461994, 0.9545464919204969, 0.9110132840415203, 0.9526788297746869, 0.9960349818663323, 0.0, 0.9724235898833282], "final_uncorr_w": [0.12297070573451924, 0.02950021853784155, 0.08012898478753777, 0.05055017121316582, 0.8491267122079442, 0.9758035692191416, 0.048419458857385335, 0.014853975016944484, 0.9436638402273999, 0.03925484636706728]}