{"seed": 7023, "status": "completed", "duration_s": 1000.0, "p_share": 0.9, "Apre": 0.005, "wall_elapsed": 219.97544646263123, "final_corr_w": [0.0050523267232214135, 0.9589543963474338, 0.9626255077258944, 1.0, 0.002250253683027336, 0.008004633756239624, 0.9550328477554744, 0.9921332295271351, 0.9750212047917453, 0.9792226110224603], "final_uncorr_w": [0.004664521527212199, 0.13085828604489202, 0.9518287686684707, 0.0, 0.036182969016133784, 0.04258409965840012, 0.8383599028465508, 0.9738527232945989, 0.0821083412305833, 0.06485789693395208]}