{"seed": 7014, "status": "completed", "duration_s": 1000.0, "p_share": 0.9, "Apre": 0.005, "wall_elapsed": 195.2013123035431, "final_corr_w": [0.993677839488924, 0.9704390022769818, 0.030152409406911804, 0.9760467378754242, 0.006379381345247057, 0.03273494139733196, 0.9814498028311495, 1.0, 0.9063589465350329, 0.9659266376581879], "final_uncorr_w": [0.9593395101587203, 0.04996960175463491, 0.0015168884785081024, 0.09011497779009602, 0.01241672641709609, 0.9576840885419373, 0.0015171965193654822, 0.9767168211804813, 0.004234178006634765, 0.026114527421730985]}