{"seed": 7007, "status": "completed", "duration_s": 1000.0, "p_share": 0.9, "Apre": 0.005, "wall_elapsed": 241.9594304561615, "final_corr_w": [0.9952705152424772, 0.9913050857992883, 0.0, 0.959095695059208, 0.8337421711785912, 0.03133081372842354, 0.975709842822337, 0.917227242517902, 0.005882747281820744, 0.9381396390013198], "final_uncorr_w": [0.008372379934419728, 0.023315369063918373, 0.04527549589672194, 0.9717768531737193, 0.999471621272775, 0.22021256468866512, 0.0012760007121068162, 0.03298727456803297, 0.9802037515174934, 0.04969754145420969]}