{"seed": 7030, "status": "completed", "duration_s": 1000.0, "p_share": 0.9, "Apre": 0.005, "wall_elapsed": 283.14533019065857, "final_corr_w": [0.03816290062188454, 0.9963701540106652, 0.9834198862070281, 0.9808467440837904, 0.9828570917327848, 0.027967417775668323, 0.8164382863389982, 0.9386752892884773, 0.9302050765434446, 0.0], "final_uncorr_w": [0.9518407125287665, 0.1557147918275143, 0.9543808064591216, 0.005738871028467959, 0.028067085663338688, 0.04916086773465874, 0.10771943695462426, 0.0684961766659694, 0.9995945967707837, 0.007987621744561461]}