{"seed": 7027, "status": "completed", "duration_s": 1000.0, "p_share": 0.9, "Apre": 0.005, "wall_elapsed": 286.8250079154968, "final_corr_w": [0.862638310202555, 0.9759264504078999, 0.7982266081738072, 1.0, 0.008298357493475465, 0.0, 0.04894082884942507, 0.9977006506596241, 0.9839209152701489, 0.9988671928846287], "final_uncorr_w": [0.009119184637746124, 0.07554224470802494, 0.027785141586724564, 0.9749499027763419, 0.019137916917905208, 0.01496298309324428, 0.978198214086578, 0.9971536084210739, 0.09277535815591138, 0.06446239524597748]}