{"seed": 7021, "status": "completed", "duration_s": 1000.0, "p_share": 0.9, "Apre": 0.005, "wall_elapsed": 216.78542685508728, "final_corr_w": [0.9840197922727, 0.8876439066541784, 0.7298229384781659, 0.9888296966169748, 1.0, 0.06066784519588044, 0.8689233217149508, 0.024761904181027417, 0.9906428899918182, 0.020298304505657793], "final_uncorr_w": [0.9994271038465791, 0.03287543999886598, 0.033618302004152646, 0.9946266932078777, 0.040974470638713324, 0.9890918354301295, 0.02612029135612864, 0.06724160196425635, 0.14015327312373022, 0.10754286607137731]}