{"seed": 7020, "status": "completed", "duration_s": 1000.0, "p_share": 0.9, "Apre": 0.005, "wall_elapsed": 193.3521490097046, "final_corr_w": [0.9410205796590739, 0.020824349962087263, 0.9603093209875888, 0.02082017908437975, 0.9800508440884902, 0.0029159164246233323, 0.9473553850710522, 0.9472426783576856, 0.9870584094814583, 0.9606899183468051], "final_uncorr_w": [0.021390072151800388, 0.015920761616181733, 0.9650259218460288, 0.15129072591797196, 0.053353278480046194, 0.0026872000956432145, 0.02097879771867925, 1.0, 1.0, 0.04285953822598207]}