{"seed": 7003, "status": "completed", "duration_s": 1000.0, "p_share": 0.9, "Apre": 0.005, "wall_elapsed": 226.84743118286133, "final_corr_w": [0.9847899635202334, 0.021998462551054088, 0.9931891312630382, 0.013675571603076659, 0.9841769449892114, 0.8781963336992668, 0.991662660232156, 0.99298690919854, 0.9710659487765818, 0.019317243127345955], "final_uncorr_w": [0.08029276793126557, 0.939544334715427, 0.007793398653723873, 0.12414599359593448, 0.945599556304475, 0.9000641443508889, 0.04756729946870631, 0.06810669125154231, 0.03168335705800842, 0.005354044187388638]}