{"seed": 7018, "status": "completed", "duration_s": 1000.0, "p_share": 0.9, "Apre": 0.005, "wall_elapsed": 191.47760653495789, "final_corr_w": [0.9757595097198251, 0.99228298670527, 0.9907312981974459, 0.8602360305359362, 0.010311285453789263, 0.9797532488299531, 0.08229113022884993, 0.98038148186195, 0.9761519646942911, 0.0], "final_uncorr_w": [0.0724924021533246, 0.029385546179190505, 0.05727710103041311, 0.9255722764811569, 0.029269350481391558, 0.047294908195237406, 0.9417793194141412, 0.8890180026003139, 0.06531310507072213, 0.04727924753138022]}