{"seed": 7001, "status": "completed", "duration_s": 1000.0, "p_share": 0.9, "Apre": 0.005, "wall_elapsed": 224.44844508171082, "final_corr_w": [0.9568317374766363, 0.007051161161069487, 0.9932292980995108, 0.9705504948058263, 1.0, 0.8334688444414204, 0.039989329226740485, 0.14419087935128855, 0.9718538930028706, 0.9786538908957608], "final_uncorr_w": [0.007049312955982341, 0.06523204706498015, 0.016265918968209562, 0.02959007022969205, 0.045321275105317714, 0.9001567847132836, 0.9779822514966968, 0.9817972186117881, 0.0026514906822243515, 0.005911042857602379]}