{"seed": 7022, "status": "completed", "duration_s": 1000.0, "p_share": 0.9, "Apre": 0.005, "wall_elapsed": 215.63931369781494, "final_corr_w": [0.9503925590503921, 0.9484337692944195, 0.8690906336252233, 0.9230610268957271, 0.03658528039097139, 0.02940114117551743, 0.008877838905090064, 0.9859769568587421, 0.07578543114211962, 0.6889993147060766], "final_uncorr_w": [0.05317149118734864, 0.030308934910102576, 0.9444044489526013, 0.05368262778514179, 0.09983916545192525, 0.11031909017379365, 0.9429186636958504, 0.9819728426371463, 0.2399589414339392, 0.9356132624774245]}