{"seed": 7015, "status": "completed", "duration_s": 1000.0, "p_share": 0.9, "Apre": 0.005, "wall_elapsed": 192.43140625953674, "final_corr_w": [0.0, 0.9509672675135461, 0.936597376617668, 0.9862743774658577, 0.7774469224591433, 0.00269452068316668, 0.9956449780295011, 0.015249340532966404, 0.9883027405138626, 0.9466531865924166], "final_uncorr_w": [0.009335055616841363, 0.9996614818924813, 0.16583857855990167, 0.9917646851588714, 0.14696064489236224, 0.04760120799272104, 0.009495122724479811, 0.1145833286531963, 0.06525501257029555, 0.8700199133803401]}