{"seed": 7029, "status": "completed", "duration_s": 1000.0, "p_share": 0.9, "Apre": 0.005, "wall_elapsed": 285.40018677711487, "final_corr_w": [0.8821714011560488, 0.031588998173808835, 0.994868533056147, 0.9720500090753467, 0.9878895977491948, 0.016353974543935775, 0.9851289549654801, 0.8452548500334889, 0.00906000690459607, 0.9585174145594475], "final_uncorr_w": [0.04457118123833469, 0.11003999221941686, 0.9460332218695844, 0.034295680785939045, 0.09664233988987851, 0.007780813496898997, 0.9871127154284938, 0.1250794125010233, 0.8308705232092556, 0.0874906914402841]}