{"seed": 7026, "status": "completed", "duration_s": 1000.0, "p_share": 0.9, "Apre": 0.005, "wall_elapsed": 285.81162118911743, "final_corr_w": [0.9836105307956821, 1.0, 0.032144656802327545, 0.9509433200459866, 0.8806704398960725, 0.047822912418228135, 0.936161241389148, 0.9950113370604101, 0.02423042696130078, 0.9805548817737165], "final_uncorr_w": [0.8334656999255006, 0.08925295413496666, 0.31524173246528325, 0.08045544676625918, 0.352148960298485, 0.1630230488318818, 0.23168313801054727, 0.0991583376104694, 0.9971185589482625, 0.03555381122157597]}