{"seed": 7009, "status": "completed", "duration_s": 1000.0, "p_share": 0.9, "Apre": 0.005, "wall_elapsed": 240.5457890033722, "final_corr_w": [0.9613606256279975, 0.9755690561113547, 0.0008896988343226351, 0.01319101553469206, 0.9397246387452972, 0.9532343830633268, 0.9740086847620094, 0.01723337243216357, 0.8018614365739386, 0.9948270713500484], "final_uncorr_w": [0.14961045010233376, 0.0038487878279046513, 0.04569112020548089, 0.03544970864245721, 0.04619896669456822, 0.986568919515139, 0.012308956104617455, 0.10032918612929745, 0.9931549620383211, 0.9726620445268706]}