{"seed": 7024, "status": "completed", "duration_s": 1000.0, "p_share": 0.9, "Apre": 0.005, "wall_elapsed": 215.8646056652069, "final_corr_w": [0.9645836484158047, 0.0, 0.11810775348184213, 0.5993668117368678, 0.8961733702595379, 0.025188852591510352, 0.9676244915908764, 0.9905369104940067, 0.9912322810967725, 0.9695298755068951], "final_uncorr_w": [0.018840641984890546, 0.3357620779250459, 0.03584384396097271, 0.03667772340196735, 0.949186400934007, 0.10922077496106154, 0.9563934251732664, 0.04070927853972021, 1.0, 0.03500959776084269]}