{"seed": 7013, "status": "completed", "duration_s": 1000.0, "p_share": 0.9, "Apre": 0.005, "wall_elapsed": 192.03675150871277, "final_corr_w": [0.9155515346907882, 0.9352294390726795, 0.9884881924219158, 0.9863770863552016, 0.9613451048999533, 0.03225797429191287, 0.999084908592121, 0.02258999969563605, 0.8860587719723743, 0.16501715904827233], "final_uncorr_w": [0.08200578933669991, 0.004754420086203412, 0.02085067064623957, 0.08824824187936617, 0.014073172035116151, 0.9899795476955244, 0.9807515589110792, 0.9079205376951494, 0.029537974877038388, 0.06968734405495322]}