{"seed": 7010, "status": "completed", "duration_s": 1000.0, "p_share": 0.9, "Apre": 0.005, "wall_elapsed": 243.68512296676636, "final_corr_w": [0.0, 0.9772788738215531, 0.9899485246621461, 0.9850444698673275, 0.9661303394688536, 0.9762554556621106, 0.009707602940019674, 0.01459470587688583, 0.9717181354851888, 0.9522304362916968], "final_uncorr_w": [0.9976810280186161, 0.2756916139339039, 0.06713333743900626, 0.053530596155849194, 0.9766961221496717, 0.027099275311216198, 0.062003752018642395, 0.07155498808511233, 0.028364215523986977, 0.6538995066508062]}