{"seed": 7006, "status": "completed", "duration_s": 1000.0, "p_share": 0.9, "Apre": 0.005, "wall_elapsed": 241.46851181983948, "final_corr_w": [1.0, 0.7143176237141202, 0.006642455095613177, 0.8292176132280631, 0.09621024889020605, 0.9466194457287845, 0.009776130056705372, 0.9901627172860016, 0.9887254724164415, 0.9947302878750275], "final_uncorr_w": [0.11586285033920357, 0.2115669618589722, 0.8921204374172093, 0.009363870192445264, 0.11147529460759091, 0.9998307009187478, 0.012036912866789573, 0.04387900403790557, 1.0, 0.012382838885202778]}