{"seed": 7011, "status": "completed", "duration_s": 1000.0, "p_share": 0.9, "Apre": 0.005, "wall_elapsed": 194.93690729141235, "final_corr_w": [0.9754697045309756, 0.9992977395177872, 0.946972680709589, 0.9830193827616049, 0.00145933596186326, 0.9997079884387476, 0.9852871005044814, 0.03537715828763632, 0.9691007950282952, 0.004916706061600602], "final_uncorr_w": [0.02226919999384664, 0.022485582797899282, 0.01564674210819612, 0.9274519783845722, 0.06783522744105805, 0.02479995009049266, 0.0028298028924676043, 0.9791278113435761, 0.10442821680185851, 0.9354314512327258]}