{
  "n_units": 300,
  "spectral_radius": 1.1,
  "fast_rate": 0.3,
  "slow_rate": 0.02,
  "n_core": 4,
  "mean_interval": 400,
  "gamma_shape": 4,
  "visit_len": 40,
  "duration": 20000,
  "w_forecast": 200,
  "washout": 1000,
  "n_seeds": 5,
  "ridge_alpha": 0.01,
  "min_margin": 0.05,
  "min_reservoir_auc": 0.65,
  "per_seed_reservoir_auc": [
    0.6537063917004181,
    0.6347646526168821,
    0.5541982397689381,
    0.651609766150139,
    0.6421025325510273
  ],
  "per_seed_baseline_auc": [
    0.6920009078386136,
    0.7676876367448995,
    0.7255792463106504,
    0.7968030348216206,
    0.776660339536851
  ],
  "per_seed_reservoir_acc": [
    0.6175279648207476,
    0.5867100439722492,
    0.5436962520359023,
    0.6244035526753949,
    0.5950503504107186
  ],
  "per_seed_baseline_acc": [
    0.614243201854633,
    0.6813932109062675,
    0.6653435722137806,
    0.7142262915826811,
    0.6855292014450233
  ],
  "mean_reservoir_auc": 0.627276316557481,
  "mean_baseline_auc": 0.7517462330505269,
  "std_reservoir_auc": 0.037167089759295696,
  "std_baseline_auc": 0.037839586465289614,
  "margin": -0.12446991649304595,
  "confirmed": false,
  "per_pattern_detail": [
    {
      "0": {
        "reservoir_auc": 0.5986045029736619,
        "reservoir_acc": 0.5785219399538106,
        "baseline_auc": 0.7448969838572642,
        "baseline_acc": 0.6145111624326405,
        "n_test": 5196,
        "base_rate": 0.42340261739799845
      },
      "1": {
        "reservoir_auc": 0.7156632958207206,
        "reservoir_acc": 0.6793687451886066,
        "baseline_auc": 0.737966263060248,
        "baseline_acc": 0.6685912240184757,
        "n_test": 5196,
        "base_rate": 0.4149345650500385
      },
      "2": {
        "reservoir_auc": 0.7554305011840897,
        "reservoir_acc": 0.6763117283950617,
        "baseline_auc": 0.6567988497414334,
        "baseline_acc": 0.6014660493827161,
        "n_test": 5184,
        "base_rate": 0.4398148148148148
      },
      "3": {
        "reservoir_auc": 0.5451272668232002,
        "reservoir_acc": 0.5359094457455114,
        "baseline_auc": 0.6283415346955088,
        "baseline_acc": 0.5724043715846995,
        "n_test": 5124,
        "base_rate": 0.42232630757220924
      }
    },
    {
      "0": {
        "reservoir_auc": 0.6864533390410958,
        "reservoir_acc": 0.6166277258566978,
        "baseline_auc": 0.8357697835127201,
        "baseline_acc": 0.7289719626168224,
        "n_test": 5136,
        "base_rate": 0.45482866043613707
      },
      "1": {
        "reservoir_auc": 0.5641837258454107,
        "reservoir_acc": 0.5015503875968992,
        "baseline_auc": 0.7369528985507247,
        "baseline_acc": 0.6393410852713178,
        "n_test": 5160,
        "base_rate": 0.46511627906976744
      },
      "2": {
        "reservoir_auc": 0.5672659338871928,
        "reservoir_acc": 0.5455607476635514,
        "baseline_auc": 0.6412279165206947,
        "baseline_acc": 0.5763239875389408,
        "n_test": 5136,
        "base_rate": 0.4127725856697819
      },
      "3": {
        "reservoir_auc": 0.721155611693829,
        "reservoir_acc": 0.6831013147718484,
        "baseline_auc": 0.8567999483954588,
        "baseline_acc": 0.7809358081979891,
        "n_test": 5172,
        "base_rate": 0.4717710750193349
      }
    },
    {
      "0": {
        "reservoir_auc": 0.49307670614777216,
        "reservoir_acc": 0.47599531615925056,
        "baseline_auc": 0.7092251833051325,
        "baseline_acc": 0.6565183450429352,
        "n_test": 5124,
        "base_rate": 0.4613583138173302
      },
      "1": {
        "reservoir_auc": 0.4587860269525871,
        "reservoir_acc": 0.4843505477308294,
        "baseline_auc": 0.7105249729490458,
        "baseline_acc": 0.6572769953051644,
        "n_test": 5112,
        "base_rate": 0.4679186228482003
      },
      "2": {
        "reservoir_auc": 0.6176145035856188,
        "reservoir_acc": 0.5866355866355867,
        "baseline_auc": 0.722489006928966,
        "baseline_acc": 0.6532634032634033,
        "n_test": 5148,
        "base_rate": 0.4716394716394716
      },
      "3": {
        "reservoir_auc": 0.6473157223897745,
        "reservoir_acc": 0.6278035576179428,
        "baseline_auc": 0.7600778220594572,
        "baseline_acc": 0.6943155452436195,
        "n_test": 5172,
        "base_rate": 0.4895591647331787
      }
    },
    {
      "0": {
        "reservoir_auc": 0.6566473579682234,
        "reservoir_acc": 0.6544573643410853,
        "baseline_auc": 0.7945156776600867,
        "baseline_acc": 0.7441860465116279,
        "n_test": 5160,
        "base_rate": 0.4806201550387597
      },
      "1": {
        "reservoir_auc": 0.6992272376920818,
        "reservoir_acc": 0.6547619047619048,
        "baseline_auc": 0.7718434961338945,
        "baseline_acc": 0.7158469945355191,
        "n_test": 5124,
        "base_rate": 0.46916471506635443
      },
      "2": {
        "reservoir_auc": 0.5992088472601405,
        "reservoir_acc": 0.577088212334114,
        "baseline_auc": 0.8572673922581904,
        "baseline_acc": 0.765807962529274,
        "n_test": 5124,
        "base_rate": 0.4996096799375488
      },
      "3": {
        "reservoir_auc": 0.6513556216801102,
        "reservoir_acc": 0.6113067292644757,
        "baseline_auc": 0.7635855732343104,
        "baseline_acc": 0.6310641627543035,
        "n_test": 5112,
        "base_rate": 0.5320813771517997
      }
    },
    {
      "0": {
        "reservoir_auc": 0.6747710905349794,
        "reservoir_acc": 0.6395348837209303,
        "baseline_auc": 0.8103144290123456,
        "baseline_acc": 0.6988372093023256,
        "n_test": 5160,
        "base_rate": 0.37209302325581395
      },
      "1": {
        "reservoir_auc": 0.6393146969153515,
        "reservoir_acc": 0.5682870370370371,
        "baseline_auc": 0.8833357885837262,
        "baseline_acc": 0.7993827160493827,
        "n_test": 5184,
        "base_rate": 0.36728395061728397
      },
      "2": {
        "reservoir_auc": 0.5844400242920941,
        "reservoir_acc": 0.5660046728971962,
        "baseline_auc": 0.6907538217107523,
        "baseline_acc": 0.6140965732087228,
        "n_test": 5136,
        "base_rate": 0.4470404984423676
      },
      "3": {
        "reservoir_auc": 0.6698843184616842,
        "reservoir_acc": 0.6063748079877113,
        "baseline_auc": 0.7222373188405797,
        "baseline_acc": 0.6298003072196621,
        "n_test": 5208,
        "base_rate": 0.4700460829493088
      }
    }
  ]
}